asin,ean,isbn,title,author,pages,salesrank,image_url,price_amount,price_formatted,price_currency,dewey_decimal_number,label,product_group,publication_date,release_date,genre,amazon_url,short_desc,long_desc
,,,,,,,,,,,,,,,,,,,
0062298739,9780062298737,0062298739,Ripper LP,Isabel Allende,672,1766531,http://ecx.images-amazon.com/images/I/41lHmH9OM%2BL.jpg,2123,$21.23,USD,863.64,HarperLuxe,Book,2014-01-28,2014-01-28,"Suspense,Murder,Serial Killers",http://www.amazon.com/dp/0062298739/ref=asc_df_00622987394407514/?tag=INSERT_TAG_HERE&creative=394997&creativeASIN=0062298739&linkCode=df0,"Pages: 672, Edition: Lgr Tra, Paperback, HarperLuxe","<p>Isabel Allende—the <em>New York Times</em> bestselling author whose books, including <em>Maya’s Notebook, Island Beneath the Sea</em>, and <em>Zorro</em>, have sold more than 57 million copies around the world—demonstrates her remarkable literary versatility with <em>Ripper</em>, an atmospheric, fast-paced mystery involving a brilliant teenage sleuth who must unmask a serial killer in San Francisco.</p><p>The Jackson women, Indiana and Amanda, have always had each other. Yet, while their bond is strong, mother and daughter are as different as night and day. Indiana, a beautiful holistic healer, is a free-spirited bohemian. Long divorced from Amanda’s father, she’s reluctant to settle down with either of the men who want her—Alan, the wealthy scion of one of San Francisco’s elite families, and Ryan, an enigmatic, scarred former Navy SEAL.</p><p>While her mom looks for the good in people, Amanda is fascinated by the dark side of human nature, like her father, the SFPD’s Deputy Chief of Homicide. Brilliant and introverted, the MIT-bound high school senior is a natural-born sleuth addicted to crime novels and Ripper, the online mystery game she plays with her beloved grandfather and friends around the world.</p><p>When a string of strange murders occurs across the city, Amanda plunges into her own investigation, discovering, before the police do, that the deaths may be connected. But the case becomes all too personal when Indiana suddenly vanishes. Could her mother’s disappearance be linked to the serial killer? Now, with her mother’s life on the line, the young detective must solve the most complex mystery she’s ever faced before it’s too late.</p>"
0071409793,9780071409797,0071409793,Telecommunications Cabling Installation,BICSI,664,248302,http://ecx.images-amazon.com/images/I/51Mqrh6QbyL.jpg,6467,$64.67,USD,621.382,McGraw-Hill Education,Book,2002-10-28,,"Internet, Groupware, & Telecommunications,Electrical,Electrical & Electronics,Telecommunications & Sensors",http://www.amazon.com/dp/0071409793/ref=asc_df_00714097934407514/?tag=INSERT_TAG_HERE&creative=394997&creativeASIN=0071409793&linkCode=df0,"Pages: 664, Edition: 2, Hardcover, McGraw-Hill Education","As the telecom industry evolves, installation practices take on a bigger role in overall system performance. Even the best-designed system can't function optimally unless it's properly installed and configured. This book, based on the manual for BICSI's internationally recognized RCDD accreditation programme, provides a hands-on tutorial in structured cabling systems. It provides instructions and checklists, along with guidance to standards compliance."
0071750339,9780071750332,0071750339,Managing Oracle Fusion Applications (Oracle Press),Richard Bingham,352,1085293,http://ecx.images-amazon.com/images/I/41oMKUQGSgL.jpg,3675,$36.75,USD,004.654,McGraw-Hill Education,Book,2011-06-28,2011-06-07,"Network Administration,Enterprise Applications,Suites,Computer Science",http://www.amazon.com/dp/0071750339/ref=asc_df_00717503394407514/?tag=INSERT_TAG_HERE&creative=394997&creativeASIN=0071750339&linkCode=df0,"Pages: 352, Edition: 1, Paperback, McGraw-Hill Education","<h4>Master Oracle Fusion Applications</h4>  <p>Administer a fully integrated application management framework across your enterprise using the detailed information contained in this Oracle Press guide. <i>Managing Oracle Fusion Applications</i> first explains key principles and then logically groups utilities into practical, ready-to-use toolboxes. Learn how to build lifecycle models, deliver dynamic business intelligence, optimize performance, mitigate risk, and integrate the latest Web 2.0 and social networking features. Compliance, security, and testing techniques are also covered in this comprehensive resource.</p>  <p><ul> <li>Understand the components and architecture of Oracle Fusion Applications <li>Plan, develop, and implement an effective application management plan <li>Resolve reliability issues with Oracle Enterprise Manager <li>Configure and deploy applications from the Oracle WebLogic Server Administration Console <li>Adjust run-time parameters using Java Management Extensions and MBeans <li>Generate and distribute reports using Oracle Business Intelligence 11<i>g</i> <li>Establish solid user authentication, access control, and data protection policies <li>Work with Oracle Fusion Governance, Risk, and Compliance Intelligence</ul>"
0073511188,9780073511184,0073511188,Chemistry: Atoms First,"Julia Burdge,Jason Overby",1128,9624,http://ecx.images-amazon.com/images/I/51Y5q-SlsiL.jpg,30871,$308.71,USD,540,McGraw-Hill Education,Book,2014-01-16,,"Reference,General & Reference,Chemistry",http://www.amazon.com/dp/0073511188/ref=asc_df_00735111884407514/?tag=INSERT_TAG_HERE&creative=394997&creativeASIN=0073511188&linkCode=df0,"Pages: 1128, Edition: 2, Hardcover, McGraw-Hill Education","The atoms first approach provides a consistent and logical method for teaching general chemistry. This approach starts with the fundamental building block of matter, the atom, and uses it as the stepping stone to understanding more complex chemistry topics. Once mastery of the nature of atoms and electrons is achieved, the formation and properties of compounds are developed. Only after the study of matter and the atom will students have sufficient background to fully engage in topics such as stoichiometry, kinetics, equilibrium, and thermodynamics. Thus, the Atoms First method empowers instructors to present the most complete and compelling story of general chemistry. Far from a simple re-ordering of topics, this is a book that will truly meet the needs of the growing atoms-first market."
0077491416,9780077491413,0077491416,Loose Leaf Version for Beginning & Intermediate Algebra,"Andrea Hendricks,Oiyin Pauline Chow",1136,3547325,http://ecx.images-amazon.com/images/I/41xPRnkIE2L.jpg,19381,$193.81,USD,512,McGraw-Hill Education,Book,2012-02-17,,"General & Reference,Algebra,Algebra & Trigonometry",http://www.amazon.com/dp/0077491416/ref=asc_df_00774914164407514/?tag=INSERT_TAG_HERE&creative=394997&creativeASIN=0077491416&linkCode=df0,"Pages: 1136, Edition: 1, Loose Leaf, McGraw-Hill Education","Today’s Developmental Math students enter college needing <b>more than just the math</b>, and this has directly impacted the instructor’s role in the classroom. Instructors have to teach to different learning styles, within multiple teaching environments, and to a student population that is mostly unfamiliar with how to be a successful college student. Authors Andrea Hendricks and Pauline Chow have noticed this growing trend in their combined 30+ years of teaching at their respective community colleges, both in their face-to-face and online courses. As a result, they set out to create course materials that help today’s students not only learn the mathematical concepts but also build life skills for future success. Understanding the time constraints for instructors, these authors have worked to integrate success strategies into both the print and digital materials, so that there is no sacrifice of time spent on the math. Furthermore, Andrea and Pauline have taken the time to write purposeful examples and exercises that are student-centered, relevant to today’s students, and guide students to practice critical thinking skills. <i>Beginning and Intermediate Algebra</i> and its supplemental materials, coupled with ALEKS or Connect Math Hosted by ALEKS, allow for both full-time and part-time instructors to teach more than just the math in any teaching environment without an overwhelming amount of preparation time or even classroom time."
0007419465,9780007419463,0007419465,"Broken Skin (Logan McRae, Book 3)",Stuart MacBride,576,246298,http://ecx.images-amazon.com/images/I/51uitns6S-L.jpg,999,$9.99,USD,813,Harper,Book,2011-10-27,,"Police Procedurals,Hard-Boiled,Murder",http://www.amazon.com/dp/0007419465/ref=asc_df_00074194654407514/?tag=INSERT_TAG_HERE&creative=394997&creativeASIN=0007419465&linkCode=df0,"Pages: 576, Edition: 0, Paperback, Harper","<p>The Number One bestselling crime series from the award-winning Stuart MacBride. In this third DS Logan McRae thriller, The Granite City’s seedy side is about to be exposed…</p><p>A crime of passion, or cold-hearted murder?</p><p>A serial rapist is leaving a string of tortured women behind him, but while DS Logan McRae’s girlfriend, PC Jackie ‘Ball Breaker’ Watson, is out acting as bait, he’s trying to identify a blood-drenched body dumped outside Accident and Emergency.</p><p>Logan’s investigations suggest someone in the local bondage community has developed a taste for violent death, and he soon finds himself dragged into the twilight world of pornographers, sex-shops and S&M.</p><p>Meanwhile, the prime suspect in the rape case turns out to be Aberdeen Football Club’s star striker, and he has an alibi for every attack. Logan thinks they’ve got it horribly wrong, but can he get anyone to listen before the real rapist strikes again? Especially as Jackie is convinced the footballer’s guilty and she’s hell-bent on a conviction at any cost…</p>"
0062517708,9780062517708,0062517708,Christianity: A Global History,David Chidester,656,379246,http://ecx.images-amazon.com/images/I/41q9migQ1fL.jpg,2447,$24.47,USD,270,HarperOne,Book,2001-11-27,2001-11-27,"Church History,History,Christianity,General,History",http://www.amazon.com/dp/0062517708/ref=asc_df_00625177084407514/?tag=INSERT_TAG_HERE&creative=394997&creativeASIN=0062517708&linkCode=df0,"Pages: 656, Edition: Reprint, Paperback, HarperOne","<p>David Chidester, one of the world's foremost scholars of religion, traces Christianity's growth and development from the time of Jesus to the dawn of the third millennium, revealing its rich diversity through the deeds and beliefs of heretics and saints, witches and healers, preachers and inquisitors. Chidester explores the emergence of the major streams of Christian thought and practice, distilling the cultural history of the Church and its impact on the world into this superbly readable book. Alongside this broad panorama is a richly human story that the author brilliantly encapsulates in incisive character sketches and historical vignettes.</p><p>Christianity, in all its many facets, has been and continues to be one of the most influential forces in history. Chidester shows that this religion, with its roots deep in the ancient world, has always been in a constant state of evolution, affecting and affected by the religions and societies around it. At times Christianity has coexisted peacefully with other forms of belief, exchanging ideas and practices with them. At other times profound, even violent, conflict has arisen. In this book David Chidester intelligently and objectively portrays Christians in different times and places, as a minority and as the majority group, a religion both absorbing and resisting the world around it. Christianity reveals the religion as it was and is lived in the life of everyday people rather than focusing on the dry dogmas and beliefs that fill most histories. Chidester's accomplishment is to capture the complexity and grand sweep of this story in one remarkable volume that is destined to take its place as a classic of religious history.</p>"
0072193115,9780072193114,0072193115,Home Networking Survival Guide,,350,1214222,http://ecx.images-amazon.com/images/I/51YO%2BGQANXL.jpg,2695,$26.95,USD,004.68,McGraw-Hill/OsborneMedia,Book,2001-09-07,,"Certification,Internet, Groupware, & Telecommunications,LAN,Networks,Networking",http://www.amazon.com/dp/0072193115/ref=asc_df_00721931154407514/?tag=INSERT_TAG_HERE&creative=394997&creativeASIN=0072193115&linkCode=df0,"Pages: 350, Paperback, McGraw-Hill/OsborneMedia","Network your computers to your printer, share Internet access, connect your PC to your stereo equipment - the possibilities are endless with the Home Networking Survival Guide. Providing practical, step-by-step instruction to setting up your first home network, it provides specific advice in clear, simple language, without all the technical jargon."
007140998X,9780071409988,007140998X,Winning the Merger Endgame: A Playbook for Profiting From Industry Consolidation,"Graeme Deans,Fritz Kroeger,Stefan Zeisel",320,137613,http://ecx.images-amazon.com/images/I/51bSg2jWroL.jpg,3336,$33.36,USD,658.16,McGraw-Hill Education,Book,2002-10-28,,"Company Profiles,Economics,Consolidation & Merger,Management,Systems & Planning,Entrepreneurship,Strategic Planning,Management,Entrepreneurship,Economics",http://www.amazon.com/dp/007140998X/ref=asc_df_007140998X4407514/?tag=INSERT_TAG_HERE&creative=394997&creativeASIN=007140998X&linkCode=df0,"Pages: 320, Edition: 1, Hardcover, McGraw-Hill Education","<p><b>An indispensable guide to strategic best practices for business mergers</b></p>  <p>Thirteen years ago, the experts at A. T. Kearney embarked on a landmark, worldwide study of business mergers. Encompassing 25,000 companies across 24 industries in 53 countries, the study revealed much crucial information that was previously unknown about business consolidation. This book shares those revelations and insights with senior executives, consultants, and industry analysts involved in the merger process.</p>  <p>More important, it builds on those findings to present readers with a solid game plan for winning the consolidation game.</p>  <p>Readers learn about the consolidation cycles through which industries pass, how to identify where in the cycle their industry currently lies, how to leverage that knowledge in determining which organizational changes they need to make and when they need to make them, and how to develop and deploy the most successful merger strategies.</p>"
0070678138,9780070678132,0070678138,Programming in C #: 2/e: A Primer,Dr. E. Balagurusamy,540,5647342,http://ecx.images-amazon.com/images/I/51bZJ4gDuJL.jpg,2950,$29.50,USD,621.4022,Tata McGraw Hill Education Private Limited,Book,2010-01-13,,"Computers & Technology,Energy Production & Extraction,Technology,Computer Science",http://www.amazon.com/dp/0070678138/ref=asc_df_00706781384407514/?tag=INSERT_TAG_HERE&creative=394997&creativeASIN=0070678138&linkCode=df0,"Pages: 540, Paperback, Tata McGraw Hill Education Private Limited","Written by the most well known face of India's IT literacy movement, this book is designed for the first course in C# taken by undergraduate students in Computers and Information Technology. The revised edition maintains the lucid flow and continuity which has been the strength of the book."
0060671025,9780060671020,0060671025,Why Religion Matters: The Fate of the Human Spirit in an Age of Disbelief,Huston Smith,304,362137,http://ecx.images-amazon.com/images/I/51LDDNTSlzL.jpg,1141,$11.41,USD,200,HarperOne,Book,2006-06-27,2006-06-27,"Reference,Philosophy,Comparative Religion,Science & Religion,Sociology,Politics & Social Sciences",http://www.amazon.com/dp/0060671025/ref=asc_df_00606710254407514/?tag=INSERT_TAG_HERE&creative=394997&creativeASIN=0060671025&linkCode=df0,"Pages: 304, Edition: 1 Reprint, Paperback, HarperOne","<p>Huston Smith, the author of the classic bestseller <em>The World's Religions</em>, delivers a passionate, timely message: The human spirit is being suffocated by the dominant materialistic worldview of our times. Smith champions a society in which religion is once again treasured and authentically practiced as the vital source of human wisdom.</p>"
007771332X,9780077713324,007771332X,Loose Leaf Marketing with Connect Access Card,"Dhruv Grewal,Michael Levy",,1780339,http://ecx.images-amazon.com/images/I/41-G6AnySoL.jpg,20171,$201.71,USD,380,McGraw-Hill Education,Book,2012-09-07,,"Microeconomics,Marketing,Marketing",http://www.amazon.com/dp/007771332X/ref=asc_df_007771332X4407514/?tag=INSERT_TAG_HERE&creative=394997&creativeASIN=007771332X&linkCode=df0,"Edition: 4, Loose Leaf, McGraw-Hill Education",This full featured text is provided as an option to the price sensitive student. It is a full 4 color text that’s three whole punched and made available at a discount to students. Also available in a package with Connect – 9780077713324.
0072391308,9780072391305,0072391308,Aleks User's Guide Access Code,ALEKS Corporation,,190207,http://ecx.images-amazon.com/images/I/31KJ4W2MQ5L.jpg,10394,$103.94,USD,511,McGraw-Hill Education,Book,1999-12-07,,"Arithmetic,Pre-Calculus,Algebra,Trigonometry,Mathematics,Algebra & Trigonometry,Education",http://www.amazon.com/dp/0072391308/ref=asc_df_00723913084407514/?tag=INSERT_TAG_HERE&creative=394997&creativeASIN=0072391308&linkCode=df0,"Edition: 1, Misc. Supplies, McGraw-Hill Education","ALEKS is an artificial intelligence-based system for individualized math learning, available for Higher Education from McGraw-Hill over the World Wide Web.  <P>ALEKS delivers precise assessments of your math knowledge, guides you in the selection of appropriate new study material, and records your progress toward mastery of goals.  <P>ALEKS interacts with you much as a skilled human tutor would, moving between explanation and practice as needed, correcting and analyzing errors, defining terms and changing topics on request. By accurately assessing your knowledge, ALEKS focus clearly on what you are ready to learn next, helping you master the course content more quickly and easily."
0060878061,9780060878061,0060878061,Keeping Faith: A Novel (P.S.),Jodi Picoult,422,1044540,http://ecx.images-amazon.com/images/I/41%2BUH4qXbFL.jpg,1354,$13.54,USD,813.54,William Morrow Paperbacks,Book,2006-02-21,2006-02-21,"Family Saga,Domestic Life,Mothers & Children,Contemporary Women,United States,Contemporary,Literary",http://www.amazon.com/dp/0060878061/ref=asc_df_00608780614407514/?tag=INSERT_TAG_HERE&creative=394997&creativeASIN=0060878061&linkCode=df0,"Pages: 422, Paperback, William Morrow Paperbacks","<p>“A triumph. This novel’s haunting strength will hold the reader until the very end and make Faith and her story impossible to forget.” <br />—<em>Richmond Times Dispatch</em> </p><p>“Extraordinary.” <br />—<em>Orlando Sentinel</em> </p><p>From the #1 <em>New York Times</em> bestselling author Jodi Picoult (<em>Nineteen Minutes, Change of Heart, Handle with Care</em>) comes <em>Keeping Faith</em>: an “addictively readable” (<em>Entertainment Weekly</em>) novel that “makes you wonder about God. And that is a rare moment, indeed, in modern fiction” (<em>USA Today</em>).</p>"
